iter	Precision_SumError	Precision_SumWeight	Recall_SumError	Recall_SumWeight	F1_TP	F1_TP+FP	F1_TP+FN
0	951	1365	951	4014	951	1365	4014
1	993	1453	993	4014	993	1453	4014
2	990	1451	990	4014	990	1451	4014
3	989	1450	989	4014	989	1450	4014
4	989	1450	989	4014	989	1450	4014
5	989	1447	989	4014	989	1447	4014
6	989	1449	989	4014	989	1449	4014
7	989	1449	989	4014	989	1449	4014
8	988	1449	988	4014	988	1449	4014
9	995	1456	995	4014	995	1456	4014
10	996	1454	996	4014	996	1454	4014
11	1031	1495	1031	4014	1031	1495	4014
12	1033	1492	1033	4014	1033	1492	4014
13	1018	1477	1018	4014	1018	1477	4014
14	1036	1496	1036	4014	1036	1496	4014
15	1023	1487	1023	4014	1023	1487	4014
16	1023	1481	1023	4014	1023	1481	4014
17	1058	1516	1058	4014	1058	1516	4014
18	1064	1527	1064	4014	1064	1527	4014
19	1066	1530	1066	4014	1066	1530	4014
20	1071	1535	1071	4014	1071	1535	4014
21	1075	1543	1075	4014	1075	1543	4014
22	1083	1554	1083	4014	1083	1554	4014
23	1086	1563	1086	4014	1086	1563	4014
24	1095	1575	1095	4014	1095	1575	4014
25	1103	1578	1103	4014	1103	1578	4014
26	1110	1587	1110	4014	1110	1587	4014
27	1111	1583	1111	4014	1111	1583	4014
28	1115	1590	1115	4014	1115	1590	4014
29	1117	1592	1117	4014	1117	1592	4014
30	1117	1591	1117	4014	1117	1591	4014
31	1123	1598	1123	4014	1123	1598	4014
32	1124	1600	1124	4014	1124	1600	4014
33	1126	1605	1126	4014	1126	1605	4014
34	1129	1612	1129	4014	1129	1612	4014
35	1133	1614	1133	4014	1133	1614	4014
36	1133	1617	1133	4014	1133	1617	4014
37	1137	1621	1137	4014	1137	1621	4014
38	1143	1629	1143	4014	1143	1629	4014
39	1145	1632	1145	4014	1145	1632	4014
40	1145	1634	1145	4014	1145	1634	4014
41	1151	1639	1151	4014	1151	1639	4014
42	1157	1655	1157	4014	1157	1655	4014
43	1161	1657	1161	4014	1161	1657	4014
44	1164	1662	1164	4014	1164	1662	4014
45	1167	1664	1167	4014	1167	1664	4014
46	1169	1669	1169	4014	1169	1669	4014
47	1170	1676	1170	4014	1170	1676	4014
48	1174	1680	1174	4014	1174	1680	4014
49	1171	1674	1171	4014	1171	1674	4014
50	1179	1683	1179	4014	1179	1683	4014
51	1182	1685	1182	4014	1182	1685	4014
52	1182	1687	1182	4014	1182	1687	4014
53	1181	1688	1181	4014	1181	1688	4014
54	1185	1694	1185	4014	1185	1694	4014
55	1185	1694	1185	4014	1185	1694	4014
56	1187	1696	1187	4014	1187	1696	4014
57	1186	1696	1186	4014	1186	1696	4014
58	1184	1695	1184	4014	1184	1695	4014
59	1187	1702	1187	4014	1187	1702	4014
60	1184	1697	1184	4014	1184	1697	4014
61	1185	1696	1185	4014	1185	1696	4014
62	1191	1702	1191	4014	1191	1702	4014
63	1193	1706	1193	4014	1193	1706	4014
64	1191	1704	1191	4014	1191	1704	4014
65	1194	1709	1194	4014	1194	1709	4014
66	1193	1708	1193	4014	1193	1708	4014
67	1196	1715	1196	4014	1196	1715	4014
68	1194	1715	1194	4014	1194	1715	4014
69	1197	1719	1197	4014	1197	1719	4014
70	1197	1718	1197	4014	1197	1718	4014
71	1199	1723	1199	4014	1199	1723	4014
72	1200	1724	1200	4014	1200	1724	4014
73	1199	1723	1199	4014	1199	1723	4014
74	1199	1721	1199	4014	1199	1721	4014
75	1201	1725	1201	4014	1201	1725	4014
76	1203	1728	1203	4014	1203	1728	4014
77	1204	1729	1204	4014	1204	1729	4014
78	1204	1729	1204	4014	1204	1729	4014
79	1205	1733	1205	4014	1205	1733	4014
80	1206	1736	1206	4014	1206	1736	4014
81	1206	1738	1206	4014	1206	1738	4014
82	1207	1737	1207	4014	1207	1737	4014
83	1211	1741	1211	4014	1211	1741	4014
84	1211	1741	1211	4014	1211	1741	4014
85	1213	1747	1213	4014	1213	1747	4014
86	1214	1748	1214	4014	1214	1748	4014
87	1213	1747	1213	4014	1213	1747	4014
88	1213	1745	1213	4014	1213	1745	4014
89	1217	1750	1217	4014	1217	1750	4014
90	1217	1750	1217	4014	1217	1750	4014
91	1215	1748	1215	4014	1215	1748	4014
92	1221	1753	1221	4014	1221	1753	4014
93	1221	1753	1221	4014	1221	1753	4014
94	1223	1756	1223	4014	1223	1756	4014
95	1222	1754	1222	4014	1222	1754	4014
96	1221	1752	1221	4014	1221	1752	4014
97	1222	1755	1222	4014	1222	1755	4014
98	1224	1760	1224	4014	1224	1760	4014
99	1224	1760	1224	4014	1224	1760	4014
100	1226	1764	1226	4014	1226	1764	4014
101	1227	1764	1227	4014	1227	1764	4014
102	1227	1766	1227	4014	1227	1766	4014
103	1232	1770	1232	4014	1232	1770	4014
104	1231	1771	1231	4014	1231	1771	4014
105	1232	1771	1232	4014	1232	1771	4014
106	1234	1772	1234	4014	1234	1772	4014
107	1234	1771	1234	4014	1234	1771	4014
108	1235	1772	1235	4014	1235	1772	4014
109	1236	1776	1236	4014	1236	1776	4014
110	1236	1775	1236	4014	1236	1775	4014
111	1237	1774	1237	4014	1237	1774	4014
112	1238	1775	1238	4014	1238	1775	4014
113	1238	1776	1238	4014	1238	1776	4014
114	1239	1777	1239	4014	1239	1777	4014
115	1239	1778	1239	4014	1239	1778	4014
116	1240	1780	1240	4014	1240	1780	4014
117	1240	1783	1240	4014	1240	1783	4014
118	1242	1785	1242	4014	1242	1785	4014
119	1245	1785	1245	4014	1245	1785	4014
120	1248	1787	1248	4014	1248	1787	4014
121	1251	1791	1251	4014	1251	1791	4014
122	1251	1794	1251	4014	1251	1794	4014
123	1251	1794	1251	4014	1251	1794	4014
124	1253	1795	1253	4014	1253	1795	4014
125	1257	1801	1257	4014	1257	1801	4014
126	1256	1801	1256	4014	1256	1801	4014
127	1255	1801	1255	4014	1255	1801	4014
128	1258	1805	1258	4014	1258	1805	4014
129	1259	1807	1259	4014	1259	1807	4014
130	1258	1804	1258	4014	1258	1804	4014
131	1261	1807	1261	4014	1261	1807	4014
132	1261	1806	1261	4014	1261	1806	4014
133	1260	1803	1260	4014	1260	1803	4014
134	1261	1804	1261	4014	1261	1804	4014
135	1262	1804	1262	4014	1262	1804	4014
136	1265	1807	1265	4014	1265	1807	4014
137	1266	1808	1266	4014	1266	1808	4014
138	1267	1810	1267	4014	1267	1810	4014
139	1265	1807	1265	4014	1265	1807	4014
140	1269	1812	1269	4014	1269	1812	4014
141	1268	1811	1268	4014	1268	1811	4014
142	1268	1813	1268	4014	1268	1813	4014
143	1267	1812	1267	4014	1267	1812	4014
144	1268	1809	1268	4014	1268	1809	4014
145	1267	1808	1267	4014	1267	1808	4014
146	1272	1813	1272	4014	1272	1813	4014
147	1272	1814	1272	4014	1272	1814	4014
148	1271	1816	1271	4014	1271	1816	4014
149	1271	1818	1271	4014	1271	1818	4014
150	1269	1816	1269	4014	1269	1816	4014
151	1271	1817	1271	4014	1271	1817	4014
152	1272	1819	1272	4014	1272	1819	4014
153	1276	1823	1276	4014	1276	1823	4014
154	1276	1825	1276	4014	1276	1825	4014
155	1273	1821	1273	4014	1273	1821	4014
156	1274	1823	1274	4014	1274	1823	4014
157	1276	1826	1276	4014	1276	1826	4014
158	1275	1825	1275	4014	1275	1825	4014
159	1274	1825	1274	4014	1274	1825	4014
160	1275	1825	1275	4014	1275	1825	4014
161	1275	1824	1275	4014	1275	1824	4014
162	1276	1826	1276	4014	1276	1826	4014
163	1278	1826	1278	4014	1278	1826	4014
164	1277	1825	1277	4014	1277	1825	4014
165	1277	1826	1277	4014	1277	1826	4014
166	1277	1827	1277	4014	1277	1827	4014
167	1276	1826	1276	4014	1276	1826	4014
168	1276	1827	1276	4014	1276	1827	4014
169	1276	1826	1276	4014	1276	1826	4014
170	1277	1826	1277	4014	1277	1826	4014
171	1277	1827	1277	4014	1277	1827	4014
172	1277	1825	1277	4014	1277	1825	4014
173	1278	1826	1278	4014	1278	1826	4014
174	1277	1825	1277	4014	1277	1825	4014
175	1278	1826	1278	4014	1278	1826	4014
176	1278	1827	1278	4014	1278	1827	4014
177	1282	1829	1282	4014	1282	1829	4014
178	1282	1829	1282	4014	1282	1829	4014
179	1281	1829	1281	4014	1281	1829	4014
180	1279	1826	1279	4014	1279	1826	4014
181	1280	1827	1280	4014	1280	1827	4014
182	1282	1828	1282	4014	1282	1828	4014
183	1282	1828	1282	4014	1282	1828	4014
184	1282	1829	1282	4014	1282	1829	4014
185	1283	1833	1283	4014	1283	1833	4014
186	1284	1832	1284	4014	1284	1832	4014
187	1286	1837	1286	4014	1286	1837	4014
188	1287	1837	1287	4014	1287	1837	4014
189	1288	1837	1288	4014	1288	1837	4014
190	1288	1837	1288	4014	1288	1837	4014
191	1288	1836	1288	4014	1288	1836	4014
192	1286	1833	1286	4014	1286	1833	4014
193	1287	1834	1287	4014	1287	1834	4014
194	1287	1834	1287	4014	1287	1834	4014
195	1290	1837	1290	4014	1290	1837	4014
196	1289	1838	1289	4014	1289	1838	4014
197	1292	1839	1292	4014	1292	1839	4014
198	1292	1841	1292	4014	1292	1841	4014
199	1292	1841	1292	4014	1292	1841	4014
200	1292	1844	1292	4014	1292	1844	4014
201	1292	1843	1292	4014	1292	1843	4014
202	1292	1843	1292	4014	1292	1843	4014
203	1294	1844	1294	4014	1294	1844	4014
204	1295	1846	1295	4014	1295	1846	4014
205	1296	1845	1296	4014	1296	1845	4014
206	1296	1848	1296	4014	1296	1848	4014
207	1292	1844	1292	4014	1292	1844	4014
208	1293	1844	1293	4014	1293	1844	4014
209	1293	1843	1293	4014	1293	1843	4014
210	1292	1844	1292	4014	1292	1844	4014
211	1292	1844	1292	4014	1292	1844	4014
212	1291	1844	1291	4014	1291	1844	4014
213	1294	1846	1294	4014	1294	1846	4014
214	1295	1845	1295	4014	1295	1845	4014
215	1294	1844	1294	4014	1294	1844	4014
216	1295	1845	1295	4014	1295	1845	4014
217	1293	1840	1293	4014	1293	1840	4014
218	1293	1840	1293	4014	1293	1840	4014
219	1294	1841	1294	4014	1294	1841	4014
220	1294	1841	1294	4014	1294	1841	4014
221	1294	1840	1294	4014	1294	1840	4014
222	1294	1841	1294	4014	1294	1841	4014
223	1297	1844	1297	4014	1297	1844	4014
224	1295	1843	1295	4014	1295	1843	4014
225	1296	1845	1296	4014	1296	1845	4014
226	1298	1847	1298	4014	1298	1847	4014
227	1297	1844	1297	4014	1297	1844	4014
228	1300	1846	1300	4014	1300	1846	4014
229	1300	1843	1300	4014	1300	1843	4014
230	1300	1843	1300	4014	1300	1843	4014
231	1300	1844	1300	4014	1300	1844	4014
232	1299	1842	1299	4014	1299	1842	4014
233	1298	1840	1298	4014	1298	1840	4014
234	1299	1842	1299	4014	1299	1842	4014
235	1300	1844	1300	4014	1300	1844	4014
236	1302	1844	1302	4014	1302	1844	4014
237	1303	1844	1303	4014	1303	1844	4014
238	1304	1846	1304	4014	1304	1846	4014
239	1304	1847	1304	4014	1304	1847	4014
240	1303	1843	1303	4014	1303	1843	4014
241	1304	1844	1304	4014	1304	1844	4014
242	1303	1844	1303	4014	1303	1844	4014
243	1303	1843	1303	4014	1303	1843	4014
244	1305	1843	1305	4014	1305	1843	4014
245	1307	1846	1307	4014	1307	1846	4014
246	1307	1848	1307	4014	1307	1848	4014
247	1309	1847	1309	4014	1309	1847	4014
248	1309	1848	1309	4014	1309	1848	4014
249	1309	1848	1309	4014	1309	1848	4014
250	1312	1851	1312	4014	1312	1851	4014
251	1310	1848	1310	4014	1310	1848	4014
252	1312	1850	1312	4014	1312	1850	4014
253	1312	1849	1312	4014	1312	1849	4014
254	1311	1848	1311	4014	1311	1848	4014
255	1311	1847	1311	4014	1311	1847	4014
256	1311	1849	1311	4014	1311	1849	4014
257	1311	1847	1311	4014	1311	1847	4014
258	1311	1846	1311	4014	1311	1846	4014
259	1311	1846	1311	4014	1311	1846	4014
260	1317	1849	1317	4014	1317	1849	4014
261	1313	1845	1313	4014	1313	1845	4014
262	1313	1845	1313	4014	1313	1845	4014
263	1314	1847	1314	4014	1314	1847	4014
264	1315	1849	1315	4014	1315	1849	4014
265	1315	1849	1315	4014	1315	1849	4014
266	1314	1847	1314	4014	1314	1847	4014
267	1315	1849	1315	4014	1315	1849	4014
268	1315	1848	1315	4014	1315	1848	4014
269	1315	1848	1315	4014	1315	1848	4014
270	1317	1850	1317	4014	1317	1850	4014
271	1316	1849	1316	4014	1316	1849	4014
272	1316	1849	1316	4014	1316	1849	4014
273	1318	1849	1318	4014	1318	1849	4014
274	1318	1846	1318	4014	1318	1846	4014
275	1318	1847	1318	4014	1318	1847	4014
276	1317	1846	1317	4014	1317	1846	4014
277	1318	1847	1318	4014	1318	1847	4014
278	1318	1847	1318	4014	1318	1847	4014
279	1321	1850	1321	4014	1321	1850	4014
280	1321	1850	1321	4014	1321	1850	4014
281	1323	1852	1323	4014	1323	1852	4014
282	1324	1854	1324	4014	1324	1854	4014
283	1325	1856	1325	4014	1325	1856	4014
284	1324	1854	1324	4014	1324	1854	4014
285	1326	1855	1326	4014	1326	1855	4014
286	1325	1854	1325	4014	1325	1854	4014
287	1326	1854	1326	4014	1326	1854	4014
288	1328	1856	1328	4014	1328	1856	4014
289	1324	1854	1324	4014	1324	1854	4014
290	1325	1854	1325	4014	1325	1854	4014
291	1325	1855	1325	4014	1325	1855	4014
292	1325	1853	1325	4014	1325	1853	4014
293	1324	1852	1324	4014	1324	1852	4014
294	1326	1856	1326	4014	1326	1856	4014
295	1324	1853	1324	4014	1324	1853	4014
296	1324	1854	1324	4014	1324	1854	4014
297	1326	1857	1326	4014	1326	1857	4014
298	1325	1856	1325	4014	1325	1856	4014
299	1324	1855	1324	4014	1324	1855	4014
300	1322	1852	1322	4014	1322	1852	4014
301	1323	1852	1323	4014	1323	1852	4014
302	1324	1851	1324	4014	1324	1851	4014
303	1325	1851	1325	4014	1325	1851	4014
304	1326	1852	1326	4014	1326	1852	4014
305	1326	1851	1326	4014	1326	1851	4014
306	1328	1853	1328	4014	1328	1853	4014
307	1325	1850	1325	4014	1325	1850	4014
308	1324	1848	1324	4014	1324	1848	4014
309	1327	1850	1327	4014	1327	1850	4014
310	1327	1850	1327	4014	1327	1850	4014
311	1327	1850	1327	4014	1327	1850	4014
312	1326	1848	1326	4014	1326	1848	4014
313	1327	1849	1327	4014	1327	1849	4014
314	1327	1850	1327	4014	1327	1850	4014
315	1326	1848	1326	4014	1326	1848	4014
316	1327	1849	1327	4014	1327	1849	4014
317	1327	1848	1327	4014	1327	1848	4014
318	1330	1853	1330	4014	1330	1853	4014
319	1330	1848	1330	4014	1330	1848	4014
320	1327	1845	1327	4014	1327	1845	4014
321	1327	1846	1327	4014	1327	1846	4014
322	1327	1847	1327	4014	1327	1847	4014
323	1333	1857	1333	4014	1333	1857	4014
324	1333	1855	1333	4014	1333	1855	4014
325	1336	1855	1336	4014	1336	1855	4014
326	1337	1855	1337	4014	1337	1855	4014
327	1337	1855	1337	4014	1337	1855	4014
328	1337	1854	1337	4014	1337	1854	4014
329	1338	1858	1338	4014	1338	1858	4014
330	1337	1858	1337	4014	1337	1858	4014
331	1338	1859	1338	4014	1338	1859	4014
332	1337	1855	1337	4014	1337	1855	4014
333	1336	1854	1336	4014	1336	1854	4014
334	1337	1857	1337	4014	1337	1857	4014
335	1336	1856	1336	4014	1336	1856	4014
336	1337	1858	1337	4014	1337	1858	4014
337	1338	1858	1338	4014	1338	1858	4014
338	1339	1858	1339	4014	1339	1858	4014
339	1340	1859	1340	4014	1340	1859	4014
340	1341	1861	1341	4014	1341	1861	4014
341	1341	1861	1341	4014	1341	1861	4014
342	1343	1864	1343	4014	1343	1864	4014
343	1341	1861	1341	4014	1341	1861	4014
344	1341	1861	1341	4014	1341	1861	4014
345	1343	1864	1343	4014	1343	1864	4014
346	1345	1868	1345	4014	1345	1868	4014
347	1344	1868	1344	4014	1344	1868	4014
348	1343	1866	1343	4014	1343	1866	4014
349	1343	1866	1343	4014	1343	1866	4014
350	1345	1867	1345	4014	1345	1867	4014
351	1347	1868	1347	4014	1347	1868	4014
352	1347	1867	1347	4014	1347	1867	4014
353	1346	1868	1346	4014	1346	1868	4014
354	1347	1869	1347	4014	1347	1869	4014
355	1347	1869	1347	4014	1347	1869	4014
356	1348	1871	1348	4014	1348	1871	4014
357	1349	1872	1349	4014	1349	1872	4014
358	1348	1871	1348	4014	1348	1871	4014
359	1349	1871	1349	4014	1349	1871	4014
360	1350	1871	1350	4014	1350	1871	4014
361	1348	1870	1348	4014	1348	1870	4014
362	1348	1867	1348	4014	1348	1867	4014
363	1349	1869	1349	4014	1349	1869	4014
364	1348	1865	1348	4014	1348	1865	4014
365	1350	1865	1350	4014	1350	1865	4014
366	1353	1869	1353	4014	1353	1869	4014
367	1353	1869	1353	4014	1353	1869	4014
368	1352	1865	1352	4014	1352	1865	4014
369	1352	1864	1352	4014	1352	1864	4014
370	1353	1862	1353	4014	1353	1862	4014
371	1353	1863	1353	4014	1353	1863	4014
372	1361	1871	1361	4014	1361	1871	4014
373	1360	1872	1360	4014	1360	1872	4014
374	1362	1874	1362	4014	1362	1874	4014
375	1363	1876	1363	4014	1363	1876	4014
376	1365	1878	1365	4014	1365	1878	4014
377	1365	1878	1365	4014	1365	1878	4014
378	1365	1878	1365	4014	1365	1878	4014
379	1364	1877	1364	4014	1364	1877	4014
380	1363	1875	1363	4014	1363	1875	4014
381	1366	1878	1366	4014	1366	1878	4014
382	1368	1881	1368	4014	1368	1881	4014
383	1367	1883	1367	4014	1367	1883	4014
384	1368	1882	1368	4014	1368	1882	4014
385	1367	1882	1367	4014	1367	1882	4014
386	1368	1882	1368	4014	1368	1882	4014
387	1367	1881	1367	4014	1367	1881	4014
388	1368	1881	1368	4014	1368	1881	4014
389	1369	1882	1369	4014	1369	1882	4014
390	1375	1889	1375	4014	1375	1889	4014
391	1374	1888	1374	4014	1374	1888	4014
392	1375	1889	1375	4014	1375	1889	4014
393	1377	1892	1377	4014	1377	1892	4014
394	1378	1893	1378	4014	1378	1893	4014
395	1379	1893	1379	4014	1379	1893	4014
396	1379	1892	1379	4014	1379	1892	4014
397	1381	1894	1381	4014	1381	1894	4014
398	1378	1891	1378	4014	1378	1891	4014
399	1379	1892	1379	4014	1379	1892	4014
400	1380	1891	1380	4014	1380	1891	4014
401	1380	1891	1380	4014	1380	1891	4014
402	1380	1891	1380	4014	1380	1891	4014
403	1380	1891	1380	4014	1380	1891	4014
404	1379	1889	1379	4014	1379	1889	4014
405	1379	1889	1379	4014	1379	1889	4014
406	1382	1890	1382	4014	1382	1890	4014
407	1383	1890	1383	4014	1383	1890	4014
408	1383	1891	1383	4014	1383	1891	4014
409	1383	1890	1383	4014	1383	1890	4014
410	1383	1889	1383	4014	1383	1889	4014
411	1385	1891	1385	4014	1385	1891	4014
412	1385	1892	1385	4014	1385	1892	4014
413	1386	1893	1386	4014	1386	1893	4014
414	1388	1893	1388	4014	1388	1893	4014
415	1388	1892	1388	4014	1388	1892	4014
416	1387	1892	1387	4014	1387	1892	4014
417	1394	1898	1394	4014	1394	1898	4014
418	1394	1898	1394	4014	1394	1898	4014
419	1394	1898	1394	4014	1394	1898	4014
420	1394	1896	1394	4014	1394	1896	4014
421	1395	1897	1395	4014	1395	1897	4014
422	1394	1896	1394	4014	1394	1896	4014
423	1396	1898	1396	4014	1396	1898	4014
424	1398	1900	1398	4014	1398	1900	4014
425	1399	1902	1399	4014	1399	1902	4014
426	1399	1902	1399	4014	1399	1902	4014
427	1398	1901	1398	4014	1398	1901	4014
428	1399	1901	1399	4014	1399	1901	4014
429	1398	1900	1398	4014	1398	1900	4014
430	1397	1898	1397	4014	1397	1898	4014
431	1400	1901	1400	4014	1400	1901	4014
432	1400	1900	1400	4014	1400	1900	4014
433	1400	1900	1400	4014	1400	1900	4014
434	1400	1900	1400	4014	1400	1900	4014
435	1398	1898	1398	4014	1398	1898	4014
436	1398	1898	1398	4014	1398	1898	4014
437	1397	1898	1397	4014	1397	1898	4014
438	1396	1896	1396	4014	1396	1896	4014
439	1396	1896	1396	4014	1396	1896	4014
440	1396	1897	1396	4014	1396	1897	4014
441	1397	1895	1397	4014	1397	1895	4014
442	1397	1895	1397	4014	1397	1895	4014
443	1401	1900	1401	4014	1401	1900	4014
444	1402	1901	1402	4014	1402	1901	4014
445	1402	1901	1402	4014	1402	1901	4014
446	1401	1900	1401	4014	1401	1900	4014
447	1402	1900	1402	4014	1402	1900	4014
448	1402	1900	1402	4014	1402	1900	4014
449	1404	1903	1404	4014	1404	1903	4014
450	1403	1902	1403	4014	1403	1902	4014
451	1404	1903	1404	4014	1404	1903	4014
452	1407	1906	1407	4014	1407	1906	4014
453	1411	1910	1411	4014	1411	1910	4014
454	1409	1909	1409	4014	1409	1909	4014
455	1412	1910	1412	4014	1412	1910	4014
456	1416	1915	1416	4014	1416	1915	4014
457	1416	1915	1416	4014	1416	1915	4014
458	1416	1915	1416	4014	1416	1915	4014
459	1419	1918	1419	4014	1419	1918	4014
460	1419	1918	1419	4014	1419	1918	4014
461	1415	1914	1415	4014	1415	1914	4014
462	1415	1915	1415	4014	1415	1915	4014
463	1417	1917	1417	4014	1417	1917	4014
464	1418	1918	1418	4014	1418	1918	4014
465	1418	1918	1418	4014	1418	1918	4014
466	1420	1920	1420	4014	1420	1920	4014
467	1423	1924	1423	4014	1423	1924	4014
468	1423	1923	1423	4014	1423	1923	4014
469	1424	1924	1424	4014	1424	1924	4014
470	1424	1922	1424	4014	1424	1922	4014
471	1424	1922	1424	4014	1424	1922	4014
472	1426	1924	1426	4014	1426	1924	4014
473	1425	1923	1425	4014	1425	1923	4014
474	1423	1923	1423	4014	1423	1923	4014
475	1424	1922	1424	4014	1424	1922	4014
476	1424	1923	1424	4014	1424	1923	4014
477	1425	1920	1425	4014	1425	1920	4014
478	1426	1922	1426	4014	1426	1922	4014
479	1426	1922	1426	4014	1426	1922	4014
480	1427	1924	1427	4014	1427	1924	4014
481	1428	1926	1428	4014	1428	1926	4014
482	1431	1926	1431	4014	1431	1926	4014
483	1432	1927	1432	4014	1432	1927	4014
484	1431	1926	1431	4014	1431	1926	4014
485	1431	1926	1431	4014	1431	1926	4014
486	1432	1928	1432	4014	1432	1928	4014
487	1434	1928	1434	4014	1434	1928	4014
488	1434	1929	1434	4014	1434	1929	4014
489	1434	1928	1434	4014	1434	1928	4014
490	1435	1930	1435	4014	1435	1930	4014
491	1436	1929	1436	4014	1436	1929	4014
492	1436	1926	1436	4014	1436	1926	4014
493	1437	1927	1437	4014	1437	1927	4014
494	1437	1927	1437	4014	1437	1927	4014
495	1436	1925	1436	4014	1436	1925	4014
496	1437	1926	1437	4014	1437	1926	4014
497	1438	1927	1438	4014	1438	1927	4014
498	1437	1926	1437	4014	1437	1926	4014
499	1437	1926	1437	4014	1437	1926	4014
500	1438	1930	1438	4014	1438	1930	4014
501	1436	1925	1436	4014	1436	1925	4014
502	1439	1928	1439	4014	1439	1928	4014
503	1439	1928	1439	4014	1439	1928	4014
504	1439	1928	1439	4014	1439	1928	4014
505	1439	1928	1439	4014	1439	1928	4014
506	1439	1929	1439	4014	1439	1929	4014
507	1440	1930	1440	4014	1440	1930	4014
508	1442	1933	1442	4014	1442	1933	4014
509	1444	1935	1444	4014	1444	1935	4014
510	1444	1935	1444	4014	1444	1935	4014
511	1442	1931	1442	4014	1442	1931	4014
512	1444	1932	1444	4014	1444	1932	4014
513	1445	1934	1445	4014	1445	1934	4014
514	1445	1933	1445	4014	1445	1933	4014
515	1445	1933	1445	4014	1445	1933	4014
516	1447	1936	1447	4014	1447	1936	4014
517	1449	1937	1449	4014	1449	1937	4014
518	1450	1938	1450	4014	1450	1938	4014
519	1450	1938	1450	4014	1450	1938	4014
520	1450	1938	1450	4014	1450	1938	4014
521	1450	1938	1450	4014	1450	1938	4014
522	1451	1939	1451	4014	1451	1939	4014
523	1450	1937	1450	4014	1450	1937	4014
524	1451	1939	1451	4014	1451	1939	4014
525	1455	1947	1455	4014	1455	1947	4014
526	1454	1946	1454	4014	1454	1946	4014
527	1455	1946	1455	4014	1455	1946	4014
528	1456	1948	1456	4014	1456	1948	4014
529	1456	1947	1456	4014	1456	1947	4014
530	1457	1946	1457	4014	1457	1946	4014
531	1456	1946	1456	4014	1456	1946	4014
532	1455	1945	1455	4014	1455	1945	4014
533	1457	1947	1457	4014	1457	1947	4014
534	1456	1945	1456	4014	1456	1945	4014
535	1456	1945	1456	4014	1456	1945	4014
536	1456	1946	1456	4014	1456	1946	4014
537	1456	1941	1456	4014	1456	1941	4014
538	1456	1941	1456	4014	1456	1941	4014
539	1457	1943	1457	4014	1457	1943	4014
540	1458	1942	1458	4014	1458	1942	4014
541	1457	1942	1457	4014	1457	1942	4014
542	1458	1944	1458	4014	1458	1944	4014
543	1459	1945	1459	4014	1459	1945	4014
544	1460	1946	1460	4014	1460	1946	4014
545	1462	1948	1462	4014	1462	1948	4014
546	1462	1948	1462	4014	1462	1948	4014
547	1462	1947	1462	4014	1462	1947	4014
548	1461	1947	1461	4014	1461	1947	4014
549	1463	1948	1463	4014	1463	1948	4014
550	1462	1947	1462	4014	1462	1947	4014
551	1462	1947	1462	4014	1462	1947	4014
552	1461	1945	1461	4014	1461	1945	4014
553	1459	1942	1459	4014	1459	1942	4014
554	1459	1942	1459	4014	1459	1942	4014
555	1485	1991	1485	4014	1485	1991	4014
556	1486	1992	1486	4014	1486	1992	4014
557	1486	1992	1486	4014	1486	1992	4014
558	1487	1993	1487	4014	1487	1993	4014
559	1488	1994	1488	4014	1488	1994	4014
560	1487	1992	1487	4014	1487	1992	4014
561	1487	1992	1487	4014	1487	1992	4014
562	1487	1992	1487	4014	1487	1992	4014
563	1487	1993	1487	4014	1487	1993	4014
564	1486	1992	1486	4014	1486	1992	4014
565	1484	1989	1484	4014	1484	1989	4014
566	1485	1991	1485	4014	1485	1991	4014
567	1486	1994	1486	4014	1486	1994	4014
568	1489	1996	1489	4014	1489	1996	4014
569	1487	1994	1487	4014	1487	1994	4014
570	1490	1997	1490	4014	1490	1997	4014
571	1491	1998	1491	4014	1491	1998	4014
572	1492	1999	1492	4014	1492	1999	4014
573	1492	1999	1492	4014	1492	1999	4014
574	1492	1999	1492	4014	1492	1999	4014
575	1493	1999	1493	4014	1493	1999	4014
576	1495	2000	1495	4014	1495	2000	4014
577	1495	2001	1495	4014	1495	2001	4014
578	1495	2000	1495	4014	1495	2000	4014
579	1495	2002	1495	4014	1495	2002	4014
580	1496	2002	1496	4014	1496	2002	4014
581	1499	2005	1499	4014	1499	2005	4014
582	1498	2004	1498	4014	1498	2004	4014
583	1498	2004	1498	4014	1498	2004	4014
584	1499	2004	1499	4014	1499	2004	4014
585	1498	2003	1498	4014	1498	2003	4014
586	1497	2002	1497	4014	1497	2002	4014
587	1495	2000	1495	4014	1495	2000	4014
588	1496	1999	1496	4014	1496	1999	4014
589	1496	1999	1496	4014	1496	1999	4014
590	1496	1999	1496	4014	1496	1999	4014
591	1496	1999	1496	4014	1496	1999	4014
592	1496	1999	1496	4014	1496	1999	4014
593	1496	1999	1496	4014	1496	1999	4014
594	1499	2002	1499	4014	1499	2002	4014
595	1499	2000	1499	4014	1499	2000	4014
596	1499	2004	1499	4014	1499	2004	4014
597	1497	2002	1497	4014	1497	2002	4014
598	1497	2002	1497	4014	1497	2002	4014
599	1499	2004	1499	4014	1499	2004	4014
600	1501	2006	1501	4014	1501	2006	4014
601	1503	2007	1503	4014	1503	2007	4014
602	1502	2007	1502	4014	1502	2007	4014
603	1502	2007	1502	4014	1502	2007	4014
604	1502	2006	1502	4014	1502	2006	4014
605	1504	2005	1504	4014	1504	2005	4014
606	1506	2009	1506	4014	1506	2009	4014
607	1506	2009	1506	4014	1506	2009	4014
608	1505	2010	1505	4014	1505	2010	4014
609	1503	2008	1503	4014	1503	2008	4014
610	1504	2010	1504	4014	1504	2010	4014
611	1506	2010	1506	4014	1506	2010	4014
612	1507	2011	1507	4014	1507	2011	4014
613	1508	2011	1508	4014	1508	2011	4014
614	1510	2013	1510	4014	1510	2013	4014
615	1510	2012	1510	4014	1510	2012	4014
616	1510	2012	1510	4014	1510	2012	4014
617	1511	2013	1511	4014	1511	2013	4014
618	1511	2013	1511	4014	1511	2013	4014
619	1510	2012	1510	4014	1510	2012	4014
620	1510	2013	1510	4014	1510	2013	4014
621	1511	2015	1511	4014	1511	2015	4014
622	1511	2015	1511	4014	1511	2015	4014
623	1513	2017	1513	4014	1513	2017	4014
624	1516	2019	1516	4014	1516	2019	4014
625	1516	2019	1516	4014	1516	2019	4014
626	1516	2019	1516	4014	1516	2019	4014
627	1517	2020	1517	4014	1517	2020	4014
628	1516	2019	1516	4014	1516	2019	4014
629	1517	2021	1517	4014	1517	2021	4014
630	1518	2022	1518	4014	1518	2022	4014
631	1520	2023	1520	4014	1520	2023	4014
632	1521	2024	1521	4014	1521	2024	4014
633	1522	2025	1522	4014	1522	2025	4014
634	1523	2026	1523	4014	1523	2026	4014
635	1523	2027	1523	4014	1523	2027	4014
636	1526	2028	1526	4014	1526	2028	4014
637	1528	2030	1528	4014	1528	2030	4014
638	1528	2030	1528	4014	1528	2030	4014
639	1529	2031	1529	4014	1529	2031	4014
640	1530	2032	1530	4014	1530	2032	4014
641	1528	2030	1528	4014	1528	2030	4014
642	1532	2033	1532	4014	1532	2033	4014
643	1532	2033	1532	4014	1532	2033	4014
644	1532	2033	1532	4014	1532	2033	4014
645	1532	2034	1532	4014	1532	2034	4014
646	1532	2033	1532	4014	1532	2033	4014
647	1533	2034	1533	4014	1533	2034	4014
648	1532	2033	1532	4014	1532	2033	4014
649	1536	2035	1536	4014	1536	2035	4014
650	1538	2038	1538	4014	1538	2038	4014
651	1539	2040	1539	4014	1539	2040	4014
652	1540	2037	1540	4014	1540	2037	4014
653	1541	2039	1541	4014	1541	2039	4014
654	1543	2040	1543	4014	1543	2040	4014
655	1542	2040	1542	4014	1542	2040	4014
656	1539	2036	1539	4014	1539	2036	4014
657	1542	2039	1542	4014	1542	2039	4014
658	1542	2039	1542	4014	1542	2039	4014
659	1543	2039	1543	4014	1543	2039	4014
660	1543	2038	1543	4014	1543	2038	4014
661	1543	2038	1543	4014	1543	2038	4014
662	1543	2038	1543	4014	1543	2038	4014
663	1545	2040	1545	4014	1545	2040	4014
664	1545	2036	1545	4014	1545	2036	4014
665	1545	2036	1545	4014	1545	2036	4014
666	1543	2033	1543	4014	1543	2033	4014
667	1543	2033	1543	4014	1543	2033	4014
668	1543	2032	1543	4014	1543	2032	4014
669	1544	2033	1544	4014	1544	2033	4014
670	1544	2034	1544	4014	1544	2034	4014
671	1547	2037	1547	4014	1547	2037	4014
672	1547	2036	1547	4014	1547	2036	4014
673	1547	2035	1547	4014	1547	2035	4014
674	1548	2037	1548	4014	1548	2037	4014
675	1547	2036	1547	4014	1547	2036	4014
676	1548	2036	1548	4014	1548	2036	4014
677	1549	2037	1549	4014	1549	2037	4014
678	1550	2038	1550	4014	1550	2038	4014
679	1551	2038	1551	4014	1551	2038	4014
680	1553	2040	1553	4014	1553	2040	4014
681	1552	2039	1552	4014	1552	2039	4014
682	1556	2042	1556	4014	1556	2042	4014
683	1560	2046	1560	4014	1560	2046	4014
684	1559	2045	1559	4014	1559	2045	4014
685	1560	2046	1560	4014	1560	2046	4014
686	1560	2045	1560	4014	1560	2045	4014
687	1561	2046	1561	4014	1561	2046	4014
688	1561	2046	1561	4014	1561	2046	4014
689	1560	2045	1560	4014	1560	2045	4014
690	1560	2045	1560	4014	1560	2045	4014
691	1562	2046	1562	4014	1562	2046	4014
692	1562	2046	1562	4014	1562	2046	4014
693	1563	2047	1563	4014	1563	2047	4014
694	1562	2043	1562	4014	1562	2043	4014
695	1562	2043	1562	4014	1562	2043	4014
696	1562	2043	1562	4014	1562	2043	4014
697	1562	2043	1562	4014	1562	2043	4014
698	1563	2043	1563	4014	1563	2043	4014
699	1564	2044	1564	4014	1564	2044	4014
700	1565	2046	1565	4014	1565	2046	4014
701	1566	2044	1566	4014	1566	2044	4014
702	1566	2044	1566	4014	1566	2044	4014
703	1566	2044	1566	4014	1566	2044	4014
704	1566	2044	1566	4014	1566	2044	4014
705	1568	2046	1568	4014	1568	2046	4014
706	1568	2046	1568	4014	1568	2046	4014
707	1569	2045	1569	4014	1569	2045	4014
708	1570	2046	1570	4014	1570	2046	4014
709	1569	2045	1569	4014	1569	2045	4014
710	1569	2045	1569	4014	1569	2045	4014
711	1568	2045	1568	4014	1568	2045	4014
712	1571	2046	1571	4014	1571	2046	4014
713	1571	2046	1571	4014	1571	2046	4014
714	1572	2048	1572	4014	1572	2048	4014
715	1574	2051	1574	4014	1574	2051	4014
716	1573	2049	1573	4014	1573	2049	4014
717	1573	2049	1573	4014	1573	2049	4014
718	1574	2050	1574	4014	1574	2050	4014
719	1572	2048	1572	4014	1572	2048	4014
720	1574	2050	1574	4014	1574	2050	4014
721	1574	2049	1574	4014	1574	2049	4014
722	1575	2049	1575	4014	1575	2049	4014
723	1575	2049	1575	4014	1575	2049	4014
724	1577	2051	1577	4014	1577	2051	4014
725	1578	2052	1578	4014	1578	2052	4014
726	1578	2052	1578	4014	1578	2052	4014
727	1577	2050	1577	4014	1577	2050	4014
728	1576	2049	1576	4014	1576	2049	4014
729	1577	2050	1577	4014	1577	2050	4014
730	1577	2050	1577	4014	1577	2050	4014
731	1577	2050	1577	4014	1577	2050	4014
732	1577	2047	1577	4014	1577	2047	4014
733	1577	2047	1577	4014	1577	2047	4014
734	1578	2048	1578	4014	1578	2048	4014
735	1579	2050	1579	4014	1579	2050	4014
736	1579	2047	1579	4014	1579	2047	4014
737	1579	2047	1579	4014	1579	2047	4014
738	1578	2046	1578	4014	1578	2046	4014
739	1579	2046	1579	4014	1579	2046	4014
740	1584	2051	1584	4014	1584	2051	4014
741	1585	2053	1585	4014	1585	2053	4014
742	1584	2054	1584	4014	1584	2054	4014
743	1585	2055	1585	4014	1585	2055	4014
744	1584	2054	1584	4014	1584	2054	4014
745	1584	2054	1584	4014	1584	2054	4014
746	1582	2049	1582	4014	1582	2049	4014
747	1586	2054	1586	4014	1586	2054	4014
748	1584	2052	1584	4014	1584	2052	4014
749	1584	2052	1584	4014	1584	2052	4014
750	1586	2053	1586	4014	1586	2053	4014
751	1586	2054	1586	4014	1586	2054	4014
752	1587	2052	1587	4014	1587	2052	4014
753	1588	2054	1588	4014	1588	2054	4014
754	1587	2053	1587	4014	1587	2053	4014
755	1589	2054	1589	4014	1589	2054	4014
756	1588	2053	1588	4014	1588	2053	4014
757	1588	2053	1588	4014	1588	2053	4014
758	1589	2054	1589	4014	1589	2054	4014
759	1590	2055	1590	4014	1590	2055	4014
760	1590	2055	1590	4014	1590	2055	4014
761	1588	2052	1588	4014	1588	2052	4014
762	1588	2051	1588	4014	1588	2051	4014
763	1586	2049	1586	4014	1586	2049	4014
764	1587	2050	1587	4014	1587	2050	4014
765	1588	2051	1588	4014	1588	2051	4014
766	1587	2049	1587	4014	1587	2049	4014
767	1587	2049	1587	4014	1587	2049	4014
768	1587	2049	1587	4014	1587	2049	4014
769	1587	2049	1587	4014	1587	2049	4014
770	1586	2049	1586	4014	1586	2049	4014
771	1589	2053	1589	4014	1589	2053	4014
772	1589	2053	1589	4014	1589	2053	4014
773	1588	2052	1588	4014	1588	2052	4014
774	1588	2052	1588	4014	1588	2052	4014
775	1590	2053	1590	4014	1590	2053	4014
776	1588	2051	1588	4014	1588	2051	4014
777	1591	2053	1591	4014	1591	2053	4014
778	1590	2052	1590	4014	1590	2052	4014
779	1590	2052	1590	4014	1590	2052	4014
780	1589	2053	1589	4014	1589	2053	4014
781	1589	2052	1589	4014	1589	2052	4014
782	1589	2052	1589	4014	1589	2052	4014
783	1593	2057	1593	4014	1593	2057	4014
784	1593	2057	1593	4014	1593	2057	4014
785	1594	2060	1594	4014	1594	2060	4014
786	1595	2060	1595	4014	1595	2060	4014
787	1593	2057	1593	4014	1593	2057	4014
788	1591	2056	1591	4014	1591	2056	4014
789	1592	2057	1592	4014	1592	2057	4014
790	1593	2057	1593	4014	1593	2057	4014
791	1593	2057	1593	4014	1593	2057	4014
792	1595	2058	1595	4014	1595	2058	4014
793	1598	2060	1598	4014	1598	2060	4014
794	1601	2062	1601	4014	1601	2062	4014
795	1600	2061	1600	4014	1600	2061	4014
796	1600	2061	1600	4014	1600	2061	4014
797	1600	2061	1600	4014	1600	2061	4014
798	1602	2062	1602	4014	1602	2062	4014
799	1603	2062	1603	4014	1603	2062	4014
800	1602	2061	1602	4014	1602	2061	4014
801	1601	2060	1601	4014	1601	2060	4014
802	1603	2062	1603	4014	1603	2062	4014
803	1603	2062	1603	4014	1603	2062	4014
804	1602	2061	1602	4014	1602	2061	4014
805	1603	2062	1603	4014	1603	2062	4014
806	1606	2064	1606	4014	1606	2064	4014
807	1606	2065	1606	4014	1606	2065	4014
808	1606	2067	1606	4014	1606	2067	4014
809	1606	2067	1606	4014	1606	2067	4014
810	1606	2067	1606	4014	1606	2067	4014
811	1609	2069	1609	4014	1609	2069	4014
812	1609	2068	1609	4014	1609	2068	4014
813	1609	2067	1609	4014	1609	2067	4014
814	1610	2068	1610	4014	1610	2068	4014
815	1610	2068	1610	4014	1610	2068	4014
816	1611	2069	1611	4014	1611	2069	4014
817	1611	2069	1611	4014	1611	2069	4014
818	1612	2069	1612	4014	1612	2069	4014
819	1612	2069	1612	4014	1612	2069	4014
820	1616	2072	1616	4014	1616	2072	4014
821	1618	2075	1618	4014	1618	2075	4014
822	1618	2073	1618	4014	1618	2073	4014
823	1616	2072	1616	4014	1616	2072	4014
824	1616	2072	1616	4014	1616	2072	4014
825	1616	2072	1616	4014	1616	2072	4014
826	1616	2072	1616	4014	1616	2072	4014
827	1617	2073	1617	4014	1617	2073	4014
828	1615	2068	1615	4014	1615	2068	4014
829	1616	2067	1616	4014	1616	2067	4014
830	1617	2069	1617	4014	1617	2069	4014
831	1617	2069	1617	4014	1617	2069	4014
832	1617	2069	1617	4014	1617	2069	4014
833	1617	2069	1617	4014	1617	2069	4014
834	1616	2068	1616	4014	1616	2068	4014
835	1614	2064	1614	4014	1614	2064	4014
836	1613	2063	1613	4014	1613	2063	4014
837	1613	2063	1613	4014	1613	2063	4014
838	1615	2064	1615	4014	1615	2064	4014
839	1615	2064	1615	4014	1615	2064	4014
840	1615	2065	1615	4014	1615	2065	4014
841	1614	2064	1614	4014	1614	2064	4014
842	1615	2065	1615	4014	1615	2065	4014
843	1615	2066	1615	4014	1615	2066	4014
844	1616	2066	1616	4014	1616	2066	4014
845	1618	2068	1618	4014	1618	2068	4014
846	1618	2068	1618	4014	1618	2068	4014
847	1620	2070	1620	4014	1620	2070	4014
848	1622	2072	1622	4014	1622	2072	4014
849	1622	2072	1622	4014	1622	2072	4014
850	1623	2073	1623	4014	1623	2073	4014
851	1620	2070	1620	4014	1620	2070	4014
852	1620	2070	1620	4014	1620	2070	4014
853	1621	2071	1621	4014	1621	2071	4014
854	1621	2071	1621	4014	1621	2071	4014
855	1622	2072	1622	4014	1622	2072	4014
856	1624	2071	1624	4014	1624	2071	4014
857	1625	2071	1625	4014	1625	2071	4014
858	1624	2069	1624	4014	1624	2069	4014
859	1624	2071	1624	4014	1624	2071	4014
860	1623	2069	1623	4014	1623	2069	4014
861	1623	2069	1623	4014	1623	2069	4014
862	1624	2070	1624	4014	1624	2070	4014
863	1625	2072	1625	4014	1625	2072	4014
864	1627	2074	1627	4014	1627	2074	4014
865	1627	2074	1627	4014	1627	2074	4014
866	1628	2076	1628	4014	1628	2076	4014
867	1631	2079	1631	4014	1631	2079	4014
868	1631	2078	1631	4014	1631	2078	4014
869	1629	2077	1629	4014	1629	2077	4014
870	1631	2079	1631	4014	1631	2079	4014
871	1632	2077	1632	4014	1632	2077	4014
872	1633	2079	1633	4014	1633	2079	4014
873	1633	2079	1633	4014	1633	2079	4014
874	1633	2079	1633	4014	1633	2079	4014
875	1633	2079	1633	4014	1633	2079	4014
876	1633	2079	1633	4014	1633	2079	4014
877	1636	2081	1636	4014	1636	2081	4014
878	1636	2081	1636	4014	1636	2081	4014
879	1638	2081	1638	4014	1638	2081	4014
880	1638	2081	1638	4014	1638	2081	4014
881	1638	2083	1638	4014	1638	2083	4014
882	1638	2082	1638	4014	1638	2082	4014
883	1640	2083	1640	4014	1640	2083	4014
884	1639	2083	1639	4014	1639	2083	4014
885	1639	2083	1639	4014	1639	2083	4014
886	1641	2083	1641	4014	1641	2083	4014
887	1640	2084	1640	4014	1640	2084	4014
888	1640	2083	1640	4014	1640	2083	4014
889	1640	2083	1640	4014	1640	2083	4014
890	1640	2084	1640	4014	1640	2084	4014
891	1641	2085	1641	4014	1641	2085	4014
892	1641	2083	1641	4014	1641	2083	4014
893	1640	2082	1640	4014	1640	2082	4014
894	1641	2083	1641	4014	1641	2083	4014
895	1642	2084	1642	4014	1642	2084	4014
896	1642	2086	1642	4014	1642	2086	4014
897	1640	2084	1640	4014	1640	2084	4014
898	1642	2085	1642	4014	1642	2085	4014
899	1646	2090	1646	4014	1646	2090	4014
900	1646	2089	1646	4014	1646	2089	4014
901	1646	2089	1646	4014	1646	2089	4014
902	1649	2092	1649	4014	1649	2092	4014
903	1647	2091	1647	4014	1647	2091	4014
904	1644	2089	1644	4014	1644	2089	4014
905	1645	2088	1645	4014	1645	2088	4014
906	1645	2087	1645	4014	1645	2087	4014
907	1645	2087	1645	4014	1645	2087	4014
908	1645	2087	1645	4014	1645	2087	4014
909	1645	2087	1645	4014	1645	2087	4014
910	1648	2091	1648	4014	1648	2091	4014
911	1648	2090	1648	4014	1648	2090	4014
912	1647	2089	1647	4014	1647	2089	4014
913	1648	2088	1648	4014	1648	2088	4014
914	1649	2090	1649	4014	1649	2090	4014
915	1652	2091	1652	4014	1652	2091	4014
916	1652	2092	1652	4014	1652	2092	4014
917	1653	2090	1653	4014	1653	2090	4014
918	1652	2089	1652	4014	1652	2089	4014
919	1651	2089	1651	4014	1651	2089	4014
920	1651	2089	1651	4014	1651	2089	4014
921	1653	2090	1653	4014	1653	2090	4014
922	1670	2120	1670	4014	1670	2120	4014
923	1653	2088	1653	4014	1653	2088	4014
924	1670	2118	1670	4014	1670	2118	4014
925	1673	2122	1673	4014	1673	2122	4014
926	1674	2123	1674	4014	1674	2123	4014
927	1674	2123	1674	4014	1674	2123	4014
928	1675	2124	1675	4014	1675	2124	4014
929	1676	2126	1676	4014	1676	2126	4014
930	1677	2129	1677	4014	1677	2129	4014
931	1677	2129	1677	4014	1677	2129	4014
932	1678	2130	1678	4014	1678	2130	4014
933	1676	2127	1676	4014	1676	2127	4014
934	1677	2127	1677	4014	1677	2127	4014
935	1679	2129	1679	4014	1679	2129	4014
936	1679	2128	1679	4014	1679	2128	4014
937	1680	2129	1680	4014	1680	2129	4014
938	1679	2128	1679	4014	1679	2128	4014
939	1682	2129	1682	4014	1682	2129	4014
940	1681	2130	1681	4014	1681	2130	4014
941	1685	2132	1685	4014	1685	2132	4014
942	1686	2132	1686	4014	1686	2132	4014
943	1685	2132	1685	4014	1685	2132	4014
944	1684	2130	1684	4014	1684	2130	4014
945	1687	2133	1687	4014	1687	2133	4014
946	1688	2134	1688	4014	1688	2134	4014
947	1688	2134	1688	4014	1688	2134	4014
948	1688	2133	1688	4014	1688	2133	4014
949	1690	2135	1690	4014	1690	2135	4014
950	1691	2135	1691	4014	1691	2135	4014
951	1690	2134	1690	4014	1690	2134	4014
952	1690	2134	1690	4014	1690	2134	4014
953	1689	2133	1689	4014	1689	2133	4014
954	1689	2132	1689	4014	1689	2132	4014
955	1689	2133	1689	4014	1689	2133	4014
956	1685	2129	1685	4014	1685	2129	4014
957	1687	2131	1687	4014	1687	2131	4014
958	1689	2132	1689	4014	1689	2132	4014
959	1688	2131	1688	4014	1688	2131	4014
960	1688	2131	1688	4014	1688	2131	4014
961	1690	2133	1690	4014	1690	2133	4014
962	1690	2133	1690	4014	1690	2133	4014
963	1694	2138	1694	4014	1694	2138	4014
964	1695	2139	1695	4014	1695	2139	4014
965	1697	2141	1697	4014	1697	2141	4014
966	1697	2141	1697	4014	1697	2141	4014
967	1696	2140	1696	4014	1696	2140	4014
968	1696	2140	1696	4014	1696	2140	4014
969	1698	2142	1698	4014	1698	2142	4014
970	1698	2142	1698	4014	1698	2142	4014
971	1698	2142	1698	4014	1698	2142	4014
972	1697	2141	1697	4014	1697	2141	4014
973	1697	2141	1697	4014	1697	2141	4014
974	1699	2140	1699	4014	1699	2140	4014
975	1699	2140	1699	4014	1699	2140	4014
976	1699	2142	1699	4014	1699	2142	4014
977	1700	2141	1700	4014	1700	2141	4014
978	1699	2141	1699	4014	1699	2141	4014
979	1699	2141	1699	4014	1699	2141	4014
980	1702	2145	1702	4014	1702	2145	4014
981	1704	2146	1704	4014	1704	2146	4014
982	1706	2149	1706	4014	1706	2149	4014
983	1703	2146	1703	4014	1703	2146	4014
984	1705	2148	1705	4014	1705	2148	4014
985	1706	2149	1706	4014	1706	2149	4014
986	1705	2147	1705	4014	1705	2147	4014
987	1705	2147	1705	4014	1705	2147	4014
988	1706	2148	1706	4014	1706	2148	4014
989	1707	2149	1707	4014	1707	2149	4014
990	1707	2148	1707	4014	1707	2148	4014
991	1706	2147	1706	4014	1706	2147	4014
992	1706	2147	1706	4014	1706	2147	4014
993	1708	2147	1708	4014	1708	2147	4014
994	1708	2148	1708	4014	1708	2148	4014
995	1708	2147	1708	4014	1708	2147	4014
996	1709	2148	1709	4014	1709	2148	4014
997	1707	2145	1707	4014	1707	2145	4014
998	1705	2145	1705	4014	1705	2145	4014
999	1705	2145	1705	4014	1705	2145	4014
